Season Year,Week Number,Home Owner,Home Team,Home Score,Away Owner,Away Team,Away Score
2018,1,Dylan,The Waterboys,164.43,Phillip,Show Me Dem TDS,115.27
2018,1,Casey,Good football team!!,157.83,Mike,Ronny Man,131.93
2018,1,Trace,Trace's Team,172.33,--Hidden--,The Mongol Horde,167.17
2018,2,Dylan,The Waterboys,162.97,Casey,Good football team!!,154.63
2018,2,Phillip,Show Me Dem TDS,137.9,--Hidden--,The Mongol Horde,129.53
2018,2,Trace,Trace's Team,126.47,Mike,Ronny Man,84.05
2018,3,Dylan,The Waterboys,117.77,Trace,Trace's Team,150.47
2018,3,Phillip,Show Me Dem TDS,151.97,Casey,Good football team!!,128.37
2018,3,Mike,Ronny Man,82.41,--Hidden--,The Mongol Horde,131.22
2018,4,Dylan,The Waterboys,228.42,Mike,Ronny Man,134.03
2018,4,Phillip,Show Me Dem TDS,157.36,Trace,Trace's Team,190.48
2018,4,Casey,Good football team!!,133.23,--Hidden--,The Mongol Horde,132.13
2018,5,Dylan,The Waterboys,142.93,--Hidden--,The Mongol Horde,158.06
2018,5,Phillip,Show Me Dem TDS,138.33,Mike,Ronny Man,122.14
2018,5,Casey,Good football team!!,186.35,Trace,Trace's Team,133.55
2018,6,Dylan,The Waterboys,150.87,Phillip,Show Me Dem TDS,171.48
2018,6,Casey,Good football team!!,176.43,Mike,Ronny Man,74.6
2018,6,Trace,Trace's Team,196.02,--Hidden--,The Mongol Horde,137.38
2018,7,Dylan,The Waterboys,145.6,Casey,Good football team!!,139.93
2018,7,Phillip,Show Me Dem TDS,201.27,--Hidden--,The Mongol Horde,129.42
2018,7,Trace,Trace's Team,108.81,Mike,Ronny Man,98.35
2018,8,Dylan,The Waterboys,174.31,Trace,Trace's Team,184.92
2018,8,Phillip,Show Me Dem TDS,160.45,Casey,Good football team!!,180.98
2018,8,Mike,Ronny Man,72.58,--Hidden--,The Mongol Horde,113.15
2018,9,Dylan,The Waterboys,160.59,Mike,Ronny Man,93.65
2018,9,Phillip,Show Me Dem TDS,140.55,Trace,Trace's Team,156.53
2018,9,Casey,Good football team!!,187.33,--Hidden--,The Mongol Horde,117.1
2018,10,Dylan,The Waterboys,162.76,--Hidden--,The Mongol Horde,199.63
2018,10,Phillip,Show Me Dem TDS,111.52,Mike,Ronny Man,140.68
2018,10,Casey,Good football team!!,157.5,Trace,Trace's Team,121.41
2018,11,Dylan,The Waterboys,182.57,Phillip,Show Me Dem TDS,188.68
2018,11,Casey,Good football team!!,137.97,Mike,Ronny Man,146.57
2018,11,Trace,Trace's Team,147.3,--Hidden--,The Mongol Horde,127.76
2018,12,Dylan,The Waterboys,169.82,Casey,Good football team!!,129.22
2018,12,Phillip,Show Me Dem TDS,144.05,--Hidden--,The Mongol Horde,169.17
2018,12,Trace,Trace's Team,135.48,Mike,Ronny Man,140.57
2018,13,Dylan,The Waterboys,200.92,Trace,Trace's Team,101.85
2018,13,Phillip,Show Me Dem TDS,148.18,Casey,Good football team!!,136.95
2018,13,Mike,Ronny Man,107.0,--Hidden--,The Mongol Horde,134.83
2018,14,Dylan,The Waterboys,140.71,Mike,Ronny Man,136.63
2018,14,Phillip,Show Me Dem TDS,170.9,Trace,Trace's Team,143.17
2018,14,Casey,Good football team!!,117.35,--Hidden--,The Mongol Horde,143.23
2018,15,Dylan,The Waterboys,134.37,Phillip,Show Me Dem TDS,136.85
2018,15,Casey,Good football team!!,123.8,Trace,Trace's Team,143.4
2018,16,Dylan,The Waterboys,129.0,Casey,Good football team!!,140.02
2018,16,Phillip,Show Me Dem TDS,159.34,Trace,Trace's Team,156.14
2018,16,Mike,Ronny Man,158.98,--Hidden--,The Mongol Horde,135.07
2019,1,Dylan,Hood Phenomenons,149.65,Phillip,Bak2Bak,136.95
2019,1,Trace,#1 CumBoy,180.78,Mike,RonnyMan2,133.97
2019,1,Casey,FUNdamentals,156.65,Ryan,The Mamluks,168.0
2019,2,Dylan,Hood Phenomenons,109.45,Trace,#1 CumBoy,140.27
2019,2,Phillip,Bak2Bak,142.78,Ryan,The Mamluks,161.77
2019,2,Casey,FUNdamentals,144.65,Mike,RonnyMan2,138.94
2019,3,Dylan,Hood Phenomenons,228.5,Casey,FUNdamentals,159.57
2019,3,Phillip,Bak2Bak,89.1,Trace,#1 CumBoy,134.5
2019,3,Mike,RonnyMan2,147.58,Ryan,The Mamluks,212.94
2019,4,Dylan,Hood Phenomenons,109.98,Mike,RonnyMan2,172.32
2019,4,Phillip,Bak2Bak,172.23,Casey,FUNdamentals,110.7
2019,4,Trace,#1 CumBoy,140.88,Ryan,The Mamluks,148.17
2019,5,Dylan,Hood Phenomenons,144.78,Ryan,The Mamluks,208.0
2019,5,Phillip,Bak2Bak,174.93,Mike,RonnyMan2,154.48
2019,5,Trace,#1 CumBoy,179.6,Casey,FUNdamentals,195.88
2019,6,Dylan,Hood Phenomenons,144.18,Phillip,Bak2Bak,151.77
2019,6,Trace,#1 CumBoy,128.48,Mike,RonnyMan2,147.72
2019,6,Casey,FUNdamentals,148.65,Ryan,The Mamluks,172.47
2019,7,Dylan,Hood Phenomenons,161.08,Trace,#1 CumBoy,115.53
2019,7,Phillip,Bak2Bak,161.38,Ryan,The Mamluks,156.03
2019,7,Casey,FUNdamentals,85.43,Mike,RonnyMan2,163.6
2019,8,Dylan,Hood Phenomenons,180.15,Casey,FUNdamentals,124.18
2019,8,Phillip,Bak2Bak,172.05,Trace,#1 CumBoy,151.33
2019,8,Mike,RonnyMan2,159.27,Ryan,The Mamluks,186.21
2019,9,Dylan,Hood Phenomenons,111.85,Mike,RonnyMan2,111.37
2019,9,Phillip,Bak2Bak,159.03,Casey,FUNdamentals,165.12
2019,9,Trace,#1 CumBoy,149.22,Ryan,The Mamluks,202.1
2019,10,Dylan,Hood Phenomenons,161.85,Ryan,The Mamluks,134.0
2019,10,Phillip,Bak2Bak,152.02,Mike,RonnyMan2,158.03
2019,10,Trace,#1 CumBoy,147.48,Casey,FUNdamentals,173.07
2019,11,Dylan,Hood Phenomenons,118.51,Phillip,Bak2Bak,157.7
2019,11,Trace,#1 CumBoy,123.2,Mike,RonnyMan2,123.6
2019,11,Casey,FUNdamentals,122.82,Ryan,The Mamluks,162.08
2019,12,Dylan,Hood Phenomenons,159.85,Trace,#1 CumBoy,116.16
2019,12,Phillip,Bak2Bak,186.92,Ryan,The Mamluks,123.82
2019,12,Casey,FUNdamentals,140.38,Mike,RonnyMan2,182.68
2019,13,Dylan,Hood Phenomenons,140.58,Casey,FUNdamentals,141.25
2019,13,Phillip,Bak2Bak,119.98,Trace,#1 CumBoy,135.48
2019,13,Mike,RonnyMan2,127.8,Ryan,The Mamluks,106.45
2019,14,Dylan,Hood Phenomenons,145.33,Mike,RonnyMan2,149.78
2019,14,Phillip,Bak2Bak,173.33,Casey,FUNdamentals,149.18
2019,14,Trace,#1 CumBoy,157.7,Ryan,The Mamluks,120.22
2019,15,Dylan,Hood Phenomenons,151.55,Ryan,The Mamluks,183.48
2019,15,Phillip,Bak2Bak,152.68,Mike,RonnyMan2,177.17
2019,16,Dylan,Hood Phenomenons,119.18,Phillip,Bak2Bak,126.9
2019,16,Trace,#1 CumBoy,141.87,Casey,FUNdamentals,173.07
2019,16,Mike,RonnyMan2,179.93,Ryan,The Mamluks,124.8
2020,1,Dylan,#2020BrainTrauma,95.43,Phillip,Ho Chi Win City,129.71
2020,1,Trace,Poopy Butt,153.59,Mike,Pacific Islanders,113.09
2020,1,Casey,CUBA,130.87,Ryan,The Janissaries,138.54
2020,2,Dylan,#2020BrainTrauma,129.28,Trace,Poopy Butt,116.05
2020,2,Phillip,Ho Chi Win City,163.82,Ryan,The Janissaries,107.55
2020,2,Casey,CUBA,124.84,Mike,Pacific Islanders,86.62
2020,3,Dylan,#2020BrainTrauma,114.06,Casey,CUBA,150.54
2020,3,Phillip,Ho Chi Win City,144.32,Trace,Poopy Butt,138.85
2020,3,Mike,Pacific Islanders,118.85,Ryan,The Janissaries,140.21
2020,4,Dylan,#2020BrainTrauma,77.37,Mike,Pacific Islanders,173.57
2020,4,Phillip,Ho Chi Win City,158.27,Casey,CUBA,97.36
2020,4,Trace,Poopy Butt,87.22,Ryan,The Janissaries,105.65
2020,5,Dylan,#2020BrainTrauma,124.4,Ryan,The Janissaries,120.73
2020,5,Phillip,Ho Chi Win City,106.17,Mike,Pacific Islanders,93.75
2020,5,Trace,Poopy Butt,133.5,Casey,CUBA,130.05
2020,6,Dylan,#2020BrainTrauma,123.01,Phillip,Ho Chi Win City,74.46
2020,6,Trace,Poopy Butt,122.21,Mike,Pacific Islanders,120.24
2020,6,Casey,CUBA,78.45,Ryan,The Janissaries,127.24
2020,7,Dylan,#2020BrainTrauma,115.77,Trace,Poopy Butt,142.13
2020,7,Phillip,Ho Chi Win City,110.43,Ryan,The Janissaries,158.52
2020,7,Casey,CUBA,128.76,Mike,Pacific Islanders,93.08
2020,8,Dylan,#2020BrainTrauma,85.07,Casey,CUBA,127.74
2020,8,Phillip,Ho Chi Win City,71.71,Trace,Poopy Butt,149.26
2020,8,Mike,Pacific Islanders,128.31,Ryan,The Janissaries,123.01
2020,9,Dylan,#2020BrainTrauma,133.78,Mike,Pacific Islanders,152.41
2020,9,Phillip,Ho Chi Win City,95.22,Casey,CUBA,93.17
2020,9,Trace,Poopy Butt,122.76,Ryan,The Janissaries,125.9
2020,10,Dylan,#2020BrainTrauma,73.29,Ryan,The Janissaries,113.17
2020,10,Phillip,Ho Chi Win City,138.41,Mike,Pacific Islanders,96.98
2020,10,Trace,Poopy Butt,85.23,Casey,CUBA,79.04
2020,11,Dylan,#2020BrainTrauma,93.44,Phillip,Ho Chi Win City,117.84
2020,11,Trace,Poopy Butt,137.3,Mike,Pacific Islanders,110.37
2020,11,Casey,CUBA,73.02,Ryan,The Janissaries,116.67
2020,12,Dylan,#2020BrainTrauma,111.19,Trace,Poopy Butt,108.25
2020,12,Phillip,Ho Chi Win City,107.13,Ryan,The Janissaries,150.65
2020,12,Casey,CUBA,84.66,Mike,Pacific Islanders,159.11
2020,13,Dylan,#2020BrainTrauma,110.49,Casey,CUBA,114.24
2020,13,Phillip,Ho Chi Win City,113.21,Trace,Poopy Butt,113.97
2020,13,Mike,Pacific Islanders,99.17,Ryan,The Janissaries,107.73
2020,14,Dylan,#2020BrainTrauma,150.55,Mike,Pacific Islanders,104.38
2020,14,Phillip,Ho Chi Win City,164.87,Casey,CUBA,113.3
2020,14,Trace,Poopy Butt,120.04,Ryan,The Janissaries,144.32
2020,15,Dylan,#2020BrainTrauma,122.08,Ryan,The Janissaries,148.34
2020,15,Phillip,Ho Chi Win City,105.04,Trace,Poopy Butt,93.59
2020,16,Dylan,#2020BrainTrauma,124.34,Trace,Poopy Butt,134.58
2020,16,Phillip,Ho Chi Win City,157.07,Ryan,The Janissaries,105.19
2020,16,Casey,CUBA,95.74,Mike,Pacific Islanders,130.54
2021,1,Dylan,#BrainTrauma,144.2,Phillip,Ho Chi Win City,140.23
2021,1,Trace,I'm gonna win you're gay,105.26,Boaz,No I’m gonna win UR gay,112.28
2021,1,Casey,Just pain,117.72,Ryan,LIBYA rip Gaddafi,125.55
2021,1,Mike,Matt's Team,132.03,Dustin,#MOONGANG 🚀🌚,112.8
2021,2,Dylan,#BrainTrauma,153.7,Trace,I'm gonna win you're gay,106.11
2021,2,Phillip,Ho Chi Win City,104.25,Dustin,#MOONGANG 🚀🌚,151.53
2021,2,Casey,Just pain,99.34,Boaz,No I’m gonna win UR gay,110.86
2021,2,Mike,Matt's Team,113.32,Ryan,LIBYA rip Gaddafi,164.48
2021,3,Dylan,#BrainTrauma,127.32,Casey,Just pain,99.02
2021,3,Phillip,Ho Chi Win City,139.27,Trace,I'm gonna win you're gay,100.67
2021,3,Mike,Matt's Team,109.5,Boaz,No I’m gonna win UR gay,110.28
2021,3,Ryan,LIBYA rip Gaddafi,105.08,Dustin,#MOONGANG 🚀🌚,106.15
2021,4,Dylan,#BrainTrauma,74.93,Mike,Matt's Team,124.46
2021,4,Phillip,Ho Chi Win City,129.29,Casey,Just pain,138.5
2021,4,Trace,I'm gonna win you're gay,149.21,Dustin,#MOONGANG 🚀🌚,120.11
2021,4,Ryan,LIBYA rip Gaddafi,125.01,Boaz,No I’m gonna win UR gay,110.94
2021,5,Dylan,#BrainTrauma,125.08,Ryan,LIBYA rip Gaddafi,156.34
2021,5,Phillip,Ho Chi Win City,145.72,Mike,Matt's Team,98.92
2021,5,Trace,I'm gonna win you're gay,153.8,Casey,Just pain,140.09
2021,5,Boaz,No I’m gonna win UR gay,156.24,Dustin,#MOONGANG 🚀🌚,191.96
2021,6,Dylan,#BrainTrauma,149.81,Boaz,No I’m gonna win UR gay,88.56
2021,6,Phillip,Ho Chi Win City,141.83,Ryan,LIBYA rip Gaddafi,164.59
2021,6,Trace,I'm gonna win you're gay,110.79,Mike,Matt's Team,127.07
2021,6,Casey,Just pain,93.88,Dustin,#MOONGANG 🚀🌚,96.41
2021,7,Dylan,#BrainTrauma,159.5,Dustin,#MOONGANG 🚀🌚,121.62
2021,7,Phillip,Ho Chi Win City,130.62,Boaz,No I’m gonna win UR gay,139.56
2021,7,Trace,I'm gonna win you're gay,118.36,Ryan,LIBYA rip Gaddafi,94.07
2021,7,Casey,Just pain,117.29,Mike,Matt's Team,120.18
2021,8,Dylan,#BrainTrauma,99.08,Phillip,Ho Chi Win City,121.4
2021,8,Trace,I'm gonna win you're gay,130.55,Boaz,No I’m gonna win UR gay,110.64
2021,8,Casey,Just pain,128.24,Ryan,LIBYA rip Gaddafi,70.7
2021,8,Mike,Matt's Team,104.94,Dustin,#MOONGANG 🚀🌚,101.97
2021,9,Dylan,#BrainTrauma,83.37,Trace,I'm gonna win you're gay,97.82
2021,9,Phillip,Ho Chi Win City,167.35,Dustin,#MOONGANG 🚀🌚,100.54
2021,9,Casey,Just pain,115.76,Boaz,No I’m gonna win UR gay,78.58
2021,9,Mike,Matt's Team,127.61,Ryan,LIBYA rip Gaddafi,96.15
2021,10,Dylan,#BrainTrauma,153.18,Casey,Just pain,112.16
2021,10,Phillip,Ho Chi Win City,115.04,Trace,I'm gonna win you're gay,90.93
2021,10,Mike,Matt's Team,116.5,Boaz,No I’m gonna win UR gay,137.05
2021,10,Ryan,LIBYA rip Gaddafi,106.96,Dustin,#MOONGANG 🚀🌚,103.16
2021,11,Dylan,#BrainTrauma,127.76,Mike,Matt's Team,135.15
2021,11,Phillip,Ho Chi Win City,166.85,Casey,Just pain,103.89
2021,11,Trace,I'm gonna win you're gay,128.79,Dustin,#MOONGANG 🚀🌚,129.6
2021,11,Ryan,LIBYA rip Gaddafi,111.41,Boaz,No I’m gonna win UR gay,113.87
2021,12,Dylan,#BrainTrauma,88.09,Ryan,LIBYA rip Gaddafi,135.76
2021,12,Phillip,Ho Chi Win City,138.74,Mike,Matt's Team,119.25
2021,12,Trace,I'm gonna win you're gay,78.61,Casey,Just pain,81.96
2021,12,Boaz,No I’m gonna win UR gay,92.78,Dustin,#MOONGANG 🚀🌚,138.28
2021,13,Dylan,#BrainTrauma,100.45,Boaz,No I’m gonna win UR gay,134.0
2021,13,Phillip,Ho Chi Win City,154.71,Ryan,LIBYA rip Gaddafi,149.82
2021,13,Trace,I'm gonna win you're gay,113.5,Mike,Matt's Team,87.73
2021,13,Casey,Just pain,142.32,Dustin,#MOONGANG 🚀🌚,134.23
2021,14,Dylan,#BrainTrauma,115.28,Dustin,#MOONGANG 🚀🌚,162.61
2021,14,Phillip,Ho Chi Win City,114.41,Boaz,No I’m gonna win UR gay,124.66
2021,14,Trace,I'm gonna win you're gay,113.27,Ryan,LIBYA rip Gaddafi,117.97
2021,14,Casey,Just pain,152.33,Mike,Matt's Team,117.88
2021,15,Dylan,#BrainTrauma,122.47,Boaz,No I’m gonna win UR gay,68.23
2021,15,Mike,Matt's Team,120.21,Dustin,#MOONGANG 🚀🌚,103.94
2021,16,Dylan,#BrainTrauma,168.93,Phillip,Ho Chi Win City,163.99
2021,16,Mike,Matt's Team,77.7,Ryan,LIBYA rip Gaddafi,106.14
2021,16,Boaz,No I’m gonna win UR gay,100.08,Dustin,#MOONGANG 🚀🌚,115.68
2021,17,Dylan,#BrainTrauma,99.99,Ryan,LIBYA rip Gaddafi,119.46
2021,17,Phillip,Ho Chi Win City,130.48,Mike,Matt's Team,98.99
2021,17,Trace,I'm gonna win you're gay,148.03,Casey,Just pain,117.15
2022,1,Dylan,The Dawn of Man-Ape,133.32,Mike,Ouchie,133.08
2022,1,Phillip,Ho Chi Win City,201.48,Ryan,Rats!,153.18
2022,1,Trace,Gl Hf (you’re gay),191.57,Dustin,Let’s Ride 😤,132.32
2022,1,Casey,The Mr. Unlimited’s,116.82,Boaz,No I’m gonna win UR gay,120.54
2022,1,Cooper,coop’s shit,106.77,Jasper,Blue's Balls,156.76
2022,2,Dylan,The Dawn of Man-Ape,134.83,Phillip,Ho Chi Win City,137.51
2022,2,Trace,Gl Hf (you’re gay),99.36,Boaz,No I’m gonna win UR gay,150.58
2022,2,Casey,The Mr. Unlimited’s,171.17,Cooper,coop’s shit,209.97
2022,2,Mike,Ouchie,112.83,Jasper,Blue's Balls,144.05
2022,2,Ryan,Rats!,141.95,Dustin,Let’s Ride 😤,121.54
2022,3,Dylan,The Dawn of Man-Ape,138.74,Ryan,Rats!,141.92
2022,3,Phillip,Ho Chi Win City,133.64,Jasper,Blue's Balls,89.1
2022,3,Trace,Gl Hf (you’re gay),103.91,Cooper,coop’s shit,142.12
2022,3,Casey,The Mr. Unlimited’s,141.86,Mike,Ouchie,114.27
2022,3,Boaz,No I’m gonna win UR gay,138.51,Dustin,Let’s Ride 😤,140.91
2022,4,Dylan,The Dawn of Man-Ape,145.54,Jasper,Blue's Balls,147.62
2022,4,Phillip,Ho Chi Win City,183.84,Casey,The Mr. Unlimited’s,119.34
2022,4,Trace,Gl Hf (you’re gay),145.74,Mike,Ouchie,127.4
2022,4,Ryan,Rats!,150.32,Boaz,No I’m gonna win UR gay,149.79
2022,4,Dustin,Let’s Ride 😤,80.5,Cooper,coop’s shit,174.2
2022,5,Dylan,The Dawn of Man-Ape,165.63,Casey,The Mr. Unlimited’s,118.25
2022,5,Phillip,Ho Chi Win City,126.34,Trace,Gl Hf (you’re gay),119.03
2022,5,Mike,Ouchie,81.63,Dustin,Let’s Ride 😤,148.42
2022,5,Ryan,Rats!,166.84,Jasper,Blue's Balls,166.51
2022,5,Boaz,No I’m gonna win UR gay,147.42,Cooper,coop’s shit,149.67
2022,6,Dylan,The Dawn of Man-Ape,109.28,Trace,Gl Hf (you’re gay),141.09
2022,6,Phillip,Ho Chi Win City,165.12,Dustin,Let’s Ride 😤,114.54
2022,6,Casey,The Mr. Unlimited’s,116.6,Jasper,Blue's Balls,129.16
2022,6,Mike,Ouchie,117.82,Boaz,No I’m gonna win UR gay,127.03
2022,6,Ryan,Rats!,169.63,Cooper,coop’s shit,102.18
2022,7,Dylan,The Dawn of Man-Ape,124.11,Dustin,Let’s Ride 😤,101.38
2022,7,Phillip,Ho Chi Win City,162.03,Boaz,No I’m gonna win UR gay,121.87
2022,7,Trace,Gl Hf (you’re gay),148.23,Jasper,Blue's Balls,128.45
2022,7,Casey,The Mr. Unlimited’s,140.89,Ryan,Rats!,148.09
2022,7,Mike,Ouchie,117.93,Cooper,coop’s shit,130.99
2022,8,Dylan,The Dawn of Man-Ape,139.0,Boaz,No I’m gonna win UR gay,169.07
2022,8,Phillip,Ho Chi Win City,146.06,Cooper,coop’s shit,181.06
2022,8,Trace,Gl Hf (you’re gay),157.01,Casey,The Mr. Unlimited’s,161.0
2022,8,Mike,Ouchie,119.48,Ryan,Rats!,132.78
2022,8,Dustin,Let’s Ride 😤,193.15,Jasper,Blue's Balls,127.97
2022,9,Dylan,The Dawn of Man-Ape,134.36,Cooper,coop’s shit,119.85
2022,9,Phillip,Ho Chi Win City,182.19,Mike,Ouchie,112.24
2022,9,Trace,Gl Hf (you’re gay),186.21,Ryan,Rats!,78.66
2022,9,Casey,The Mr. Unlimited’s,136.22,Dustin,Let’s Ride 😤,152.42
2022,9,Boaz,No I’m gonna win UR gay,122.39,Jasper,Blue's Balls,105.51
2022,10,Dylan,The Dawn of Man-Ape,133.57,Mike,Ouchie,133.93
2022,10,Phillip,Ho Chi Win City,177.68,Ryan,Rats!,137.33
2022,10,Trace,Gl Hf (you’re gay),134.4,Dustin,Let’s Ride 😤,102.92
2022,10,Casey,The Mr. Unlimited’s,157.79,Boaz,No I’m gonna win UR gay,116.3
2022,10,Cooper,coop’s shit,117.46,Jasper,Blue's Balls,149.18
2022,11,Dylan,The Dawn of Man-Ape,148.99,Phillip,Ho Chi Win City,159.02
2022,11,Trace,Gl Hf (you’re gay),97.18,Boaz,No I’m gonna win UR gay,129.95
2022,11,Casey,The Mr. Unlimited’s,144.81,Cooper,coop’s shit,128.46
2022,11,Mike,Ouchie,91.86,Jasper,Blue's Balls,112.33
2022,11,Ryan,Rats!,159.99,Dustin,Let’s Ride 😤,153.92
2022,12,Dylan,The Dawn of Man-Ape,123.83,Ryan,Rats!,179.1
2022,12,Phillip,Ho Chi Win City,137.4,Jasper,Blue's Balls,144.54
2022,12,Trace,Gl Hf (you’re gay),162.15,Cooper,coop’s shit,174.45
2022,12,Casey,The Mr. Unlimited’s,151.05,Mike,Ouchie,85.16
2022,12,Boaz,No I’m gonna win UR gay,147.97,Dustin,Let’s Ride 😤,104.02
2022,13,Dylan,The Dawn of Man-Ape,115.06,Jasper,Blue's Balls,135.56
2022,13,Phillip,Ho Chi Win City,175.81,Casey,The Mr. Unlimited’s,155.54
2022,13,Trace,Gl Hf (you’re gay),124.85,Mike,Ouchie,105.47
2022,13,Ryan,Rats!,133.77,Boaz,No I’m gonna win UR gay,129.81
2022,13,Dustin,Let’s Ride 😤,173.14,Cooper,coop’s shit,182.48
2022,14,Dylan,The Dawn of Man-Ape,137.04,Casey,The Mr. Unlimited’s,122.86
2022,14,Phillip,Ho Chi Win City,123.57,Trace,Gl Hf (you’re gay),134.7
2022,14,Mike,Ouchie,119.84,Dustin,Let’s Ride 😤,126.03
2022,14,Ryan,Rats!,130.76,Jasper,Blue's Balls,94.28
2022,14,Boaz,No I’m gonna win UR gay,108.64,Cooper,coop’s shit,149.72
2022,15,Trace,Gl Hf (you’re gay),146.94,Jasper,Blue's Balls,106.35
2022,15,Boaz,No I’m gonna win UR gay,151.34,Cooper,coop’s shit,169.89
2022,16,Dylan,The Dawn of Man-Ape,128.67,Dustin,Let’s Ride 😤,119.8
2022,16,Phillip,Ho Chi Win City,139.61,Trace,Gl Hf (you’re gay),162.2
2022,16,Casey,The Mr. Unlimited’s,136.92,Mike,Ouchie,179.28
2022,16,Ryan,Rats!,113.35,Cooper,coop’s shit,136.63
2022,16,Boaz,No I’m gonna win UR gay,157.31,Jasper,Blue's Balls,131.71
2022,17,Dylan,The Dawn of Man-Ape,110.76,Mike,Ouchie,92.47
2022,17,Phillip,Ho Chi Win City,150.87,Ryan,Rats!,158.75
2022,17,Trace,Gl Hf (you’re gay),124.2,Cooper,coop’s shit,120.46
2022,17,Casey,The Mr. Unlimited’s,125.25,Dustin,Let’s Ride 😤,115.88
2023,1,Dylan,Zaza Zealots,97.94,Ryan,Trilobite Terror,116.81
2023,1,Phillip,Ho Chi Win City,158.31,Mike,Justin Time,104.68
2023,1,Trace,Gl Hf (you’re gay),94.97,Casey,Awesome Baller-Winners,93.38
2023,1,Boaz,No I’m gonna win UR gay,149.25,Nick,nick's Great Team,151.74
2023,1,Dustin,Dusty Dynasty 🏆,104.13,Cooper,coop’s shit,115.14
2023,1,Jasper,Blue's Balls,126.3,Torin,Can I Hit Your Vape?,107.38
2023,2,Dylan,Zaza Zealots,89.36,Casey,Awesome Baller-Winners,152.69
2023,2,Phillip,Ho Chi Win City,130.15,Trace,Gl Hf (you’re gay),129.48
2023,2,Mike,Justin Time,137.48,Ryan,Trilobite Terror,119.48
2023,2,Boaz,No I’m gonna win UR gay,116.12,Jasper,Blue's Balls,159.24
2023,2,Dustin,Dusty Dynasty 🏆,118.87,Torin,Can I Hit Your Vape?,121.11
2023,2,Cooper,coop’s shit,143.88,Nick,nick's Great Team,97.83
2023,3,Dylan,Zaza Zealots,158.3,Trace,Gl Hf (you’re gay),162.52
2023,3,Phillip,Ho Chi Win City,136.69,Ryan,Trilobite Terror,131.95
2023,3,Casey,Awesome Baller-Winners,99.81,Mike,Justin Time,178.43
2023,3,Boaz,No I’m gonna win UR gay,160.4,Cooper,coop’s shit,155.47
2023,3,Dustin,Dusty Dynasty 🏆,156.02,Jasper,Blue's Balls,149.34
2023,3,Torin,Can I Hit Your Vape?,119.67,Nick,nick's Great Team,71.41
2023,4,Dylan,Zaza Zealots,120.03,Mike,Justin Time,143.93
2023,4,Phillip,Ho Chi Win City,122.14,Casey,Awesome Baller-Winners,151.48
2023,4,Trace,Gl Hf (you’re gay),84.29,Ryan,Trilobite Terror,95.5
2023,4,Boaz,No I’m gonna win UR gay,117.15,Dustin,Dusty Dynasty 🏆,170.2
2023,4,Cooper,coop’s shit,87.16,Torin,Can I Hit Your Vape?,112.34
2023,4,Jasper,Blue's Balls,151.23,Nick,nick's Great Team,122.25
2023,5,Dylan,Zaza Zealots,247.56,Phillip,Ho Chi Win City,141.1
2023,5,Trace,Gl Hf (you’re gay),145.57,Mike,Justin Time,154.19
2023,5,Casey,Awesome Baller-Winners,99.51,Ryan,Trilobite Terror,144.66
2023,5,Boaz,No I’m gonna win UR gay,117.75,Torin,Can I Hit Your Vape?,104.79
2023,5,Dustin,Dusty Dynasty 🏆,135.07,Nick,nick's Great Team,81.95
2023,5,Cooper,coop’s shit,105.93,Jasper,Blue's Balls,126.41
2023,6,Dylan,Zaza Zealots,119.06,Dustin,Dusty Dynasty 🏆,125.23
2023,6,Phillip,Ho Chi Win City,143.92,Torin,Can I Hit Your Vape?,110.78
2023,6,Trace,Gl Hf (you’re gay),111.36,Nick,nick's Great Team,112.94
2023,6,Casey,Awesome Baller-Winners,133.7,Boaz,No I’m gonna win UR gay,158.72
2023,6,Mike,Justin Time,130.69,Jasper,Blue's Balls,123.46
2023,6,Ryan,Trilobite Terror,103.29,Cooper,coop’s shit,123.83
2023,7,Dylan,Zaza Zealots,164.16,Nick,nick's Great Team,99.09
2023,7,Phillip,Ho Chi Win City,174.9,Boaz,No I’m gonna win UR gay,101.43
2023,7,Trace,Gl Hf (you’re gay),109.53,Jasper,Blue's Balls,151.84
2023,7,Casey,Awesome Baller-Winners,138.98,Cooper,coop’s shit,134.43
2023,7,Mike,Justin Time,89.83,Dustin,Dusty Dynasty 🏆,160.01
2023,7,Ryan,Trilobite Terror,106.82,Torin,Can I Hit Your Vape?,147.87
2023,8,Dylan,Zaza Zealots,162.23,Boaz,No I’m gonna win UR gay,151.23
2023,8,Phillip,Ho Chi Win City,149.45,Dustin,Dusty Dynasty 🏆,178.98
2023,8,Trace,Gl Hf (you’re gay),118.62,Cooper,coop’s shit,115.87
2023,8,Casey,Awesome Baller-Winners,148.92,Torin,Can I Hit Your Vape?,114.62
2023,8,Mike,Justin Time,152.61,Nick,nick's Great Team,125.01
2023,8,Ryan,Trilobite Terror,139.11,Jasper,Blue's Balls,148.13
2023,9,Dylan,Zaza Zealots,108.56,Torin,Can I Hit Your Vape?,101.18
2023,9,Phillip,Ho Chi Win City,113.7,Nick,nick's Great Team,107.02
2023,9,Trace,Gl Hf (you’re gay),111.9,Dustin,Dusty Dynasty 🏆,116.74
2023,9,Casey,Awesome Baller-Winners,130.65,Jasper,Blue's Balls,124.96
2023,9,Mike,Justin Time,127.02,Cooper,coop’s shit,78.76
2023,9,Ryan,Trilobite Terror,96.55,Boaz,No I’m gonna win UR gay,171.26
2023,10,Dylan,Zaza Zealots,110.43,Jasper,Blue's Balls,146.95
2023,10,Phillip,Ho Chi Win City,116.86,Cooper,coop’s shit,112.44
2023,10,Trace,Gl Hf (you’re gay),144.18,Torin,Can I Hit Your Vape?,116.66
2023,10,Casey,Awesome Baller-Winners,116.51,Dustin,Dusty Dynasty 🏆,200.36
2023,10,Mike,Justin Time,159.15,Boaz,No I’m gonna win UR gay,124.62
2023,10,Ryan,Trilobite Terror,159.39,Nick,nick's Great Team,104.46
2023,11,Dylan,Zaza Zealots,123.28,Cooper,coop’s shit,106.99
2023,11,Phillip,Ho Chi Win City,158.72,Jasper,Blue's Balls,111.13
2023,11,Trace,Gl Hf (you’re gay),98.31,Boaz,No I’m gonna win UR gay,126.13
2023,11,Casey,Awesome Baller-Winners,114.86,Nick,nick's Great Team,156.04
2023,11,Mike,Justin Time,145.79,Torin,Can I Hit Your Vape?,113.47
2023,11,Ryan,Trilobite Terror,161.23,Dustin,Dusty Dynasty 🏆,125.74
2023,12,Dylan,Zaza Zealots,118.19,Ryan,Trilobite Terror,154.18
2023,12,Phillip,Ho Chi Win City,147.83,Mike,Justin Time,117.98
2023,12,Trace,Gl Hf (you’re gay),102.92,Casey,Awesome Baller-Winners,142.99
2023,12,Boaz,No I’m gonna win UR gay,131.88,Nick,nick's Great Team,156.73
2023,12,Dustin,Dusty Dynasty 🏆,178.36,Cooper,coop’s shit,92.33
2023,12,Jasper,Blue's Balls,193.14,Torin,Can I Hit Your Vape?,116.01
2023,13,Dylan,Zaza Zealots,115.07,Casey,Awesome Baller-Winners,124.3
2023,13,Phillip,Ho Chi Win City,142.5,Trace,Gl Hf (you’re gay),99.91
2023,13,Mike,Justin Time,153.03,Ryan,Trilobite Terror,97.73
2023,13,Boaz,No I’m gonna win UR gay,163.89,Jasper,Blue's Balls,80.84
2023,13,Dustin,Dusty Dynasty 🏆,169.93,Torin,Can I Hit Your Vape?,124.89
2023,13,Cooper,coop’s shit,110.51,Nick,nick's Great Team,142.46
2023,14,Dylan,Zaza Zealots,140.56,Trace,Gl Hf (you’re gay),96.92
2023,14,Phillip,Ho Chi Win City,130.88,Ryan,Trilobite Terror,118.87
2023,14,Casey,Awesome Baller-Winners,122.33,Mike,Justin Time,147.32
2023,14,Boaz,No I’m gonna win UR gay,129.49,Cooper,coop’s shit,158.86
2023,14,Dustin,Dusty Dynasty 🏆,125.71,Jasper,Blue's Balls,90.06
2023,14,Torin,Can I Hit Your Vape?,117.74,Nick,nick's Great Team,98.67
2023,15,Trace,Gl Hf (you’re gay),78.62,Torin,Can I Hit Your Vape?,68.14
2023,15,Casey,Awesome Baller-Winners,114.39,Jasper,Blue's Balls,116.6
2023,15,Mike,Justin Time,194.02,Boaz,No I’m gonna win UR gay,74.43
2023,15,Cooper,coop’s shit,139.54,Nick,nick's Great Team,116.38
2023,16,Dylan,Zaza Zealots,123.96,Trace,Gl Hf (you’re gay),150.1
2023,16,Phillip,Ho Chi Win City,111.46,Mike,Justin Time,93.89
2023,16,Casey,Awesome Baller-Winners,132.1,Boaz,No I’m gonna win UR gay,128.45
2023,16,Ryan,Trilobite Terror,113.72,Cooper,coop’s shit,103.32
2023,16,Dustin,Dusty Dynasty 🏆,152.56,Jasper,Blue's Balls,143.16
2023,16,Torin,Can I Hit Your Vape?,128.36,Nick,nick's Great Team,106.77
2023,17,Dylan,Zaza Zealots,163.06,Cooper,coop’s shit,106.09
2023,17,Phillip,Ho Chi Win City,124.99,Dustin,Dusty Dynasty 🏆,215.89
2023,17,Trace,Gl Hf (you’re gay),106.71,Ryan,Trilobite Terror,111.94
2023,17,Mike,Justin Time,138.42,Jasper,Blue's Balls,124.75
2024,1,Dylan,Globo Gym,139.74,Boaz,No I’m gonna win UR gay,139.92
2024,1,Phillip,Ho Chi Win City,108.52,Mike,Team Chaos,131.96
2024,1,Trace,Gl Hf (you’re gay),138.16,Dustin,Dusty Dynasty 🏆,169.76
2024,1,Casey,Skibidi Football,126.96,Jasper,Blue's Balls,136.54
2024,1,Ryan,Old Leech,162.83,Tess,Tess Finesse,134.24
2024,2,Dylan,Globo Gym,170.56,Tess,Tess Finesse,141.72
2024,2,Phillip,Ho Chi Win City,123.88,Ryan,Old Leech,110.9
2024,2,Trace,Gl Hf (you’re gay),107.06,Casey,Skibidi Football,157.41
2024,2,Mike,Team Chaos,139.0,Jasper,Blue's Balls,108.22
2024,2,Boaz,No I’m gonna win UR gay,155.68,Dustin,Dusty Dynasty 🏆,181.12
2024,3,Dylan,Globo Gym,130.7,Dustin,Dusty Dynasty 🏆,115.04
2024,3,Phillip,Ho Chi Win City,126.0,Tess,Tess Finesse,130.76
2024,3,Trace,Gl Hf (you’re gay),74.18,Mike,Team Chaos,132.28
2024,3,Casey,Skibidi Football,176.98,Boaz,No I’m gonna win UR gay,149.74
2024,3,Ryan,Old Leech,130.8,Jasper,Blue's Balls,160.96
2024,4,Dylan,Globo Gym,124.26,Casey,Skibidi Football,151.14
2024,4,Phillip,Ho Chi Win City,127.02,Jasper,Blue's Balls,135.4
2024,4,Trace,Gl Hf (you’re gay),112.5,Ryan,Old Leech,127.2
2024,4,Mike,Team Chaos,142.96,Boaz,No I’m gonna win UR gay,112.28
2024,4,Dustin,Dusty Dynasty 🏆,145.24,Tess,Tess Finesse,151.2
2024,5,Dylan,Globo Gym,177.44,Mike,Team Chaos,132.57
2024,5,Phillip,Ho Chi Win City,199.76,Trace,Gl Hf (you’re gay),140.2
2024,5,Casey,Skibidi Football,105.6,Dustin,Dusty Dynasty 🏆,168.58
2024,5,Ryan,Old Leech,126.82,Boaz,No I’m gonna win UR gay,139.36
2024,5,Tess,Tess Finesse,125.8,Jasper,Blue's Balls,146.82
2024,6,Dylan,Globo Gym,145.04,Ryan,Old Leech,144.14
2024,6,Phillip,Ho Chi Win City,107.25,Boaz,No I’m gonna win UR gay,127.02
2024,6,Trace,Gl Hf (you’re gay),145.22,Jasper,Blue's Balls,103.44
2024,6,Casey,Skibidi Football,139.33,Tess,Tess Finesse,134.12
2024,6,Mike,Team Chaos,110.93,Dustin,Dusty Dynasty 🏆,159.68
2024,7,Dylan,Globo Gym,142.38,Phillip,Ho Chi Win City,111.5
2024,7,Trace,Gl Hf (you’re gay),102.72,Tess,Tess Finesse,139.06
2024,7,Casey,Skibidi Football,150.32,Mike,Team Chaos,102.52
2024,7,Ryan,Old Leech,146.92,Dustin,Dusty Dynasty 🏆,148.3
2024,7,Boaz,No I’m gonna win UR gay,129.92,Jasper,Blue's Balls,101.02
2024,8,Dylan,Globo Gym,193.08,Jasper,Blue's Balls,148.22
2024,8,Phillip,Ho Chi Win City,171.54,Dustin,Dusty Dynasty 🏆,167.68
2024,8,Trace,Gl Hf (you’re gay),139.32,Boaz,No I’m gonna win UR gay,134.3
2024,8,Casey,Skibidi Football,119.86,Ryan,Old Leech,158.42
2024,8,Mike,Team Chaos,124.73,Tess,Tess Finesse,116.52
2024,9,Dylan,Globo Gym,141.0,Trace,Gl Hf (you’re gay),120.84
2024,9,Phillip,Ho Chi Win City,94.46,Casey,Skibidi Football,184.34
2024,9,Mike,Team Chaos,114.38,Ryan,Old Leech,135.5
2024,9,Boaz,No I’m gonna win UR gay,129.6,Tess,Tess Finesse,186.28
2024,9,Dustin,Dusty Dynasty 🏆,166.08,Jasper,Blue's Balls,115.22
2024,10,Dylan,Globo Gym,130.34,Boaz,No I’m gonna win UR gay,139.26
2024,10,Phillip,Ho Chi Win City,154.08,Mike,Team Chaos,141.34
2024,10,Trace,Gl Hf (you’re gay),99.8,Dustin,Dusty Dynasty 🏆,147.64
2024,10,Casey,Skibidi Football,109.69,Jasper,Blue's Balls,123.68
2024,10,Ryan,Old Leech,108.62,Tess,Tess Finesse,123.12
2024,11,Dylan,Globo Gym,177.88,Tess,Tess Finesse,160.64
2024,11,Phillip,Ho Chi Win City,139.54,Ryan,Old Leech,106.46
2024,11,Trace,Gl Hf (you’re gay),111.82,Casey,Skibidi Football,116.76
2024,11,Mike,Team Chaos,198.64,Jasper,Blue's Balls,102.12
2024,11,Boaz,No I’m gonna win UR gay,105.36,Dustin,Dusty Dynasty 🏆,167.38
2024,12,Dylan,Globo Gym,166.3,Dustin,Dusty Dynasty 🏆,135.12
2024,12,Phillip,Ho Chi Win City,175.78,Tess,Tess Finesse,138.52
2024,12,Trace,Gl Hf (you’re gay),80.4,Mike,Team Chaos,142.21
2024,12,Casey,Skibidi Football,148.53,Boaz,No I’m gonna win UR gay,163.7
2024,12,Ryan,Old Leech,108.84,Jasper,Blue's Balls,113.36
2024,13,Dylan,Globo Gym,121.12,Casey,Skibidi Football,131.0
2024,13,Phillip,Ho Chi Win City,169.74,Jasper,Blue's Balls,152.88
2024,13,Trace,Gl Hf (you’re gay),158.5,Ryan,Old Leech,144.34
2024,13,Mike,Team Chaos,122.3,Boaz,No I’m gonna win UR gay,151.98
2024,13,Dustin,Dusty Dynasty 🏆,119.98,Tess,Tess Finesse,156.56
2024,14,Dylan,Globo Gym,136.46,Mike,Team Chaos,151.16
2024,14,Phillip,Ho Chi Win City,196.38,Trace,Gl Hf (you’re gay),118.22
2024,14,Casey,Skibidi Football,116.35,Dustin,Dusty Dynasty 🏆,160.42
2024,14,Ryan,Old Leech,171.44,Boaz,No I’m gonna win UR gay,145.22
2024,14,Tess,Tess Finesse,113.14,Jasper,Blue's Balls,190.28
2024,15,Phillip,Ho Chi Win City,161.16,Boaz,No I’m gonna win UR gay,144.38
2024,15,Casey,Skibidi Football,102.08,Mike,Team Chaos,167.24
2024,16,Dylan,Globo Gym,194.1,Phillip,Ho Chi Win City,166.52
2024,16,Trace,Gl Hf (you’re gay),120.86,Jasper,Blue's Balls,182.32
2024,16,Casey,Skibidi Football,186.64,Boaz,No I’m gonna win UR gay,156.02
2024,16,Mike,Team Chaos,127.38,Dustin,Dusty Dynasty 🏆,201.42
2024,16,Ryan,Old Leech,103.88,Tess,Tess Finesse,167.66
2024,17,Dylan,Globo Gym,196.26,Dustin,Dusty Dynasty 🏆,121.44
2024,17,Phillip,Ho Chi Win City,144.16,Mike,Team Chaos,101.84
2024,17,Trace,Gl Hf (you’re gay),116.9,Ryan,Old Leech,144.86
2024,17,Tess,Tess Finesse,147.64,Jasper,Blue's Balls,182.7
2025,1,Dylan,Globo Gym,150.1,Dustin,Dusty’s Dingleberries,103.26
2025,1,Phillip,Ho Chi Win City,166.14,Tess,Tess Finesse,113.85
2025,1,Trace,Gl Hf (you’re gay),118.58,Jasper,Blue's Balls,120.6
2025,1,Casey,AARPFL,182.67,Ryan,Bad team not good at football,129.32
2025,1,Mike,Jelqaida,135.06,Boaz,Aaron codger,115.38
2025,2,Dylan,Globo Gym,174.48,Trace,Gl Hf (you’re gay),178.78
2025,2,Phillip,Ho Chi Win City,174.44,Ryan,Bad team not good at football,128.51
2025,2,Casey,AARPFL,131.68,Dustin,Dusty’s Dingleberries,138.78
2025,2,Mike,Jelqaida,118.06,Jasper,Blue's Balls,120.82
2025,2,Boaz,Aaron codger,139.87,Tess,Tess Finesse,126.32
2025,3,Dylan,Globo Gym,130.02,Ryan,Bad team not good at football,120.1
2025,3,Phillip,Ho Chi Win City,161.28,Jasper,Blue's Balls,142.78
2025,3,Trace,Gl Hf (you’re gay),153.18,Boaz,Aaron codger,133.72
2025,3,Casey,AARPFL,157.85,Tess,Tess Finesse,125.76
2025,3,Mike,Jelqaida,136.06,Dustin,Dusty’s Dingleberries,102.36
2025,4,Dylan,Globo Gym,196.14,Boaz,Aaron codger,133.94
2025,4,Phillip,Ho Chi Win City,161.42,Dustin,Dusty’s Dingleberries,160.24
2025,4,Trace,Gl Hf (you’re gay),140.84,Tess,Tess Finesse,147.04
2025,4,Casey,AARPFL,148.06,Mike,Jelqaida,104.84
2025,4,Ryan,Bad team not good at football,130.94,Jasper,Blue's Balls,135.76
2025,5,Dylan,Globo Gym,151.64,Tess,Tess Finesse,112.52
2025,5,Phillip,Ho Chi Win City,158.72,Casey,AARPFL,161.84
2025,5,Trace,Gl Hf (you’re gay),219.32,Mike,Jelqaida,102.96
2025,5,Ryan,Bad team not good at football,163.92,Boaz,Aaron codger,129.65
2025,5,Dustin,Dusty’s Dingleberries,125.22,Jasper,Blue's Balls,142.78
2025,6,Dylan,Globo Gym,111.54,Jasper,Blue's Balls,141.36
2025,6,Phillip,Ho Chi Win City,142.12,Trace,Gl Hf (you’re gay),161.24
2025,6,Casey,AARPFL,130.04,Boaz,Aaron codger,153.36
2025,6,Mike,Jelqaida,137.14,Ryan,Bad team not good at football,120.89
2025,6,Dustin,Dusty’s Dingleberries,130.44,Tess,Tess Finesse,131.38
2025,7,Dylan,Globo Gym,178.46,Phillip,Ho Chi Win City,141.5
2025,7,Trace,Gl Hf (you’re gay),180.22,Ryan,Bad team not good at football,131.9
2025,7,Casey,AARPFL,136.08,Jasper,Blue's Balls,149.94
2025,7,Mike,Jelqaida,122.64,Tess,Tess Finesse,183.18
2025,7,Boaz,Aaron codger,161.56,Dustin,Dusty’s Dingleberries,140.66
2025,8,Dylan,Globo Gym,149.48,Casey,AARPFL,96.78
2025,8,Phillip,Ho Chi Win City,154.68,Mike,Jelqaida,147.15
2025,8,Trace,Gl Hf (you’re gay),160.58,Dustin,Dusty’s Dingleberries,159.2
2025,8,Ryan,Bad team not good at football,118.28,Tess,Tess Finesse,150.45
2025,8,Boaz,Aaron codger,162.3,Jasper,Blue's Balls,124.52
2025,9,Dylan,Globo Gym,141.31,Mike,Jelqaida,140.42
2025,9,Phillip,Ho Chi Win City,186.72,Boaz,Aaron codger,140.54
2025,9,Trace,Gl Hf (you’re gay),137.4,Casey,AARPFL,173.82
2025,9,Ryan,Bad team not good at football,90.62,Dustin,Dusty’s Dingleberries,176.96
2025,9,Tess,Tess Finesse,94.56,Jasper,Blue's Balls,114.74
2025,10,Dylan,Globo Gym,130.6,Dustin,Dusty’s Dingleberries,140.72
2025,10,Phillip,Ho Chi Win City,119.5,Tess,Tess Finesse,186.88
2025,10,Trace,Gl Hf (you’re gay),198.24,Jasper,Blue's Balls,124.92
2025,10,Casey,AARPFL,138.0,Ryan,Bad team not good at football,135.53
2025,10,Mike,Jelqaida,119.77,Boaz,Aaron codger,133.54
2025,11,Dylan,Globo Gym,154.64,Trace,Gl Hf (you’re gay),120.62
2025,11,Phillip,Ho Chi Win City,112.64,Ryan,Bad team not good at football,117.62
2025,11,Casey,AARPFL,156.3,Dustin,Dusty’s Dingleberries,123.0
2025,11,Mike,Jelqaida,105.66,Jasper,Blue's Balls,95.34
2025,11,Boaz,Aaron codger,110.78,Tess,Tess Finesse,182.4
2025,12,Dylan,Globo Gym,156.26,Ryan,Bad team not good at football,127.1
2025,12,Phillip,Ho Chi Win City,194.82,Jasper,Blue's Balls,105.58
2025,12,Trace,Gl Hf (you’re gay),98.36,Boaz,Aaron codger,143.94
2025,12,Casey,AARPFL,111.3,Tess,Tess Finesse,173.74
2025,12,Mike,Jelqaida,136.45,Dustin,Dusty’s Dingleberries,134.14
2025,13,Dylan,Globo Gym,130.04,Boaz,Aaron codger,115.32
2025,13,Phillip,Ho Chi Win City,128.6,Dustin,Dusty’s Dingleberries,121.74
2025,13,Trace,Gl Hf (you’re gay),159.72,Tess,Tess Finesse,187.74
2025,13,Casey,AARPFL,76.72,Mike,Jelqaida,144.1
2025,13,Ryan,Bad team not good at football,118.22,Jasper,Blue's Balls,127.3
2025,14,Dylan,Globo Gym,158.57,Tess,Tess Finesse,129.72
2025,14,Phillip,Ho Chi Win City,134.22,Casey,AARPFL,132.89
2025,14,Trace,Gl Hf (you’re gay),112.08,Mike,Jelqaida,123.63
2025,14,Ryan,Bad team not good at football,137.46,Boaz,Aaron codger,102.67
2025,14,Dustin,Dusty’s Dingleberries,111.94,Jasper,Blue's Balls,131.2
2025,15,Trace,Gl Hf (you’re gay),152.32,Tess,Tess Finesse,160.48
2025,15,Casey,AARPFL,149.56,Jasper,Blue's Balls,167.98
2025,16,Dylan,Globo Gym,171.48,Tess,Tess Finesse,133.5
2025,16,Phillip,Ho Chi Win City,200.22,Jasper,Blue's Balls,155.42
2025,16,Trace,Gl Hf (you’re gay),113.9,Casey,AARPFL,123.96
2025,16,Mike,Jelqaida,161.36,Ryan,Bad team not good at football,140.98
2025,16,Boaz,Aaron codger,153.44,Dustin,Dusty’s Dingleberries,124.64
2025,17,Dylan,Globo Gym,119.75,Phillip,Ho Chi Win City,108.84
2025,17,Mike,Jelqaida,189.4,Boaz,Aaron codger,107.54
2025,17,Ryan,Bad team not good at football,96.33,Dustin,Dusty’s Dingleberries,94.4
2025,17,Tess,Tess Finesse,99.78,Jasper,Blue's Balls,137.92
